{
  "IO": {
    "theta": 0.004984468851889661,
    "beta": 2.999999999999108,
    "threshold_idr": 0.005
  },
  "LS": {
    "theta": 4.142811977861642,
    "beta": 2.999999999999998,
    "threshold_idr": 0.015
  },
  "CP": {
    "theta": 96.63313961930413,
    "beta": 2.9999999999991203,
    "threshold_idr": 0.025
  }
}
