{
  "train_loss": [
    22746293840.63561,
    24094.610091709856,
    11419.397779408067,
    8756.188385916228,
    8692.626043640741,
    7638.844734418511,
    5273.597134731784,
    5360.652584264774,
    4927.711471708694,
    4407.746539729656,
    4184.650035895924,
    4056.6813562978614,
    4019.050891234143,
    4021.931582611386,
    4024.5556314298424,
    3997.037667151725,
    3979.418797256923,
    4009.6061510142713,
    3968.681403736077,
    3975.260105548519,
    3956.3145476992768,
    3934.621833725731,
    3947.6028584395303,
    3925.2788786935334,
    3913.2559451868037,
    3892.9371742777307,
    3895.6623202786586,
    3888.0809531636755,
    3879.554331864461,
    3866.0785434836207,
    3870.7028026014273,
    3860.9537063447556,
    3854.386703642288,
    3847.5918023137765,
    3830.2214932583347,
    3824.4052837107442,
    3819.0176164985883,
    3803.8466576302408,
    3809.791757111502,
    3792.547054781772,
    3786.259874400526,
    3778.8560993458964,
    3775.5739398616374,
    3770.596419230546,
    3769.3126537965077,
    3770.112724984046,
    3758.3925255501626,
    3755.185909157932,
    3757.371826474029,
    3762.353137327893,
    3933.7723908377166,
    3881.0438153861774,
    3875.892740986135,
    3860.487686610458,
    3870.5136486091237,
    3867.533705305345,
    3852.7700708974708,
    3822.776136643816,
    3823.2561159039487,
    3827.3650252842667,
    3815.5358941106515,
    3804.921710628094,
    3787.2538959767558,
    3796.6910747868,
    3775.029586640915,
    3777.3649591124886,
    3738.752796135326,
    3726.216804126702,
    3714.728043660079,
    3685.8863304818033,
    3683.091044208791,
    3670.142894480488,
    3661.845145348275,
    3644.5026012458425,
    3633.321427146987,
    3635.3987203163674,
    3619.3440053203317,
    3622.1225999888807,
    3600.445859399172,
    3604.4790247548926,
    3587.093734590134,
    3583.229327815594,
    3576.421274317373,
    3572.2127244401686,
    3557.3149395933247,
    3552.6286799364752,
    3546.624748607673,
    3538.0882362894495,
    3536.666597574064,
    3527.0734518825416,
    3507.150693081393,
    3503.128714382058,
    3491.764133566677,
    3496.7002714553682,
    3488.207378123066,
    3495.9343213374073,
    3476.5220726693033,
    3469.4410098236385,
    3462.50785026928,
    3446.875278284054
  ],
  "val_loss": [
    3956.0784801136365,
    3947.182226007635,
    3945.1402421431108,
    3945.8080971457744,
    3946.1889315518465,
    3944.8479253595524,
    3943.9667691317472,
    3944.8214305530896,
    3944.5283536044035,
    3944.551288951527,
    3943.898062966087,
    3898.0527565696025,
    3916.419611150568,
    3884.0778975053267,
    3854.119171142578,
    3845.683790727095,
    3839.358154296875,
    3886.0181302157316,
    3862.1194374778056,
    3866.8018632368608,
    3854.0381469726562,
    3851.935125177557,
    3793.7136618874288,
    3845.144239945845,
    3777.3760819868608,
    3798.3739956942472,
    3778.1737559925427,
    3758.4450739080257,
    3774.819405295632,
    3755.7255831631746,
    3757.4529335715556,
    3727.4151195179334,
    3723.9981883655896,
    3743.6847811612215,
    3702.6719360351562,
    3723.0935280539775,
    3681.8338928222656,
    3669.667760675604,
    3676.889226740057,
    3688.7854558771305,
    3681.1144631125712,
    3676.561698219993,
    3635.0440673828125,
    3638.3239357688212,
    3650.317496559837,
    3644.8249594948506,
    3634.2072781649504,
    3637.894922429865,
    3631.9129139293323,
    3636.391798539595,
    3742.1979924982243,
    3695.6331093528056,
    3694.9936356977983,
    3731.2546636408024,
    3669.3744506835938,
    3728.0993041992188,
    3719.4320345791903,
    3656.7433804598722,
    3648.6551125266337,
    3672.9297263405538,
    3639.83540205522,
    3578.8220076127486,
    3631.1169572310014,
    3658.4867609197445,
    3633.9718683416195,
    3538.960127397017,
    3522.321308482777,
    3571.275976007635,
    3576.5991543856535,
    3553.7207308682528,
    3569.273282137784,
    3420.180644642223,
    3480.270174893466,
    3513.041748046875,
    3454.9996726296163,
    3426.495974454013,
    3437.5803833007812,
    3352.560369318182,
    3504.251209605824,
    3384.427936900746,
    3357.1538945978336,
    3362.7920559969816,
    3374.996249112216,
    3328.625144264915,
    3351.3071538751774,
    3310.2018182927914,
    3343.4226795543323,
    3285.8904418945312,
    3288.071474942294,
    3327.030994762074,
    3364.8828097256746,
    3315.00966574929,
    3287.666706431996,
    3296.0088500976562,
    3363.4255121404476,
    3308.0571788441052,
    3305.685802112926,
    3280.6197149103336,
    3227.3459597500887,
    3243.5475158691406
  ],
  "train_l_data": [
    0.9955909427550464,
    0.9911060372902321,
    0.9898792688209231,
    0.9901583659287432,
    0.993065248437152,
    0.9901011377794318,
    0.9899016198065906,
    0.9943231935658963,
    0.9900655448805578,
    0.9900517468110169,
    0.9931382487463479,
    0.9933578182786408,
    0.990590689611612,
    0.9927632481154829,
    0.9892438582633392,
    0.9967202130557582,
    0.9889827437772609,
    0.9887987726764513,
    0.9893297623326578,
    0.9941046038587199,
    0.9889599036536004,
    0.9896755049945695,
    0.9895365160548746,
    0.9920829710836457,
    0.9985768373613015,
    0.9890025717270846,
    0.988704808978456,
    0.9897493619729977,
    0.9883620441697611,
    0.9926401133658272,
    0.9884934100958676,
    0.9896724213394198,
    0.9885328048932376,
    0.9910388708409696,
    0.9885036660966897,
    0.9888644983789118,
    0.9966906436377823,
    0.9887837971938719,
    0.9937996395153574,
    0.9887792281806469,
    0.9884849975235982,
    0.9885380765294084,
    0.9884580177171985,
    0.9884376710668059,
    0.9898030260706893,
    0.9888378286014984,
    0.9884686708671622,
    0.988363384905428,
    0.9883979334689603,
    0.989573655852882,
    0.9887918231289575,
    0.9914275584465796,
    0.991456294155652,
    0.993057253669099,
    0.9985730052732005,
    0.9891852398246231,
    0.9888993959947683,
    0.9890560841943958,
    0.9893080932595352,
    0.9957236463554425,
    0.9889772908559235,
    0.9890304944745385,
    0.9892006346052236,
    0.9924606001281208,
    0.9888479100669375,
    0.9944409873004597,
    1.0081957345551784,
    0.9891610579694262,
    0.9940669766378285,
    0.9915378400963721,
    0.9903037108407162,
    0.9890714895976062,
    0.9940243512760885,
    0.9891717359239217,
    0.9886825653438521,
    0.9890945105453824,
    0.988822342182445,
    0.9885175178694253,
    0.9883616183248192,
    0.9884310082744548,
    0.9887041996168618,
    0.9897586109467073,
    0.9946414313398966,
    0.9887395365034589,
    1.0016878379674832,
    0.9891522477316385,
    0.9893172745878743,
    0.9888718535957655,
    0.9966667596582729,
    0.9890890730600251,
    0.988628127252554,
    0.9903071781269984,
    0.9892231506655121,
    0.9897440715628391,
    0.9885226297053961,
    0.990610611800215,
    0.9918142473232923,
    0.98997530001815,
    0.9896641523199211,
    0.9893539672588357
  ],