{
  "train_loss": [
    1.0048864336164147,
    0.825102377045262,
    0.7400347077631736,
    0.6436308619675336,
    0.5659439083155211,
    0.5154320066039627,
    0.45987152073297416,
    0.4135467618166863,
    0.40402149778228624,
    0.3703751965417518,
    0.3530484856785955,
    0.35541851402402996,
    0.3296472259738424,
    0.3144792060594301,
    0.31307327680222624,
    0.3015082369113828,
    0.2949330573817631,
    0.289993482935536,
    0.2800606623426214,
    0.28600729089062493,
    0.2807439130705756,
    0.2708111779244096,
    0.2600141728783513,
    0.27077443944709795,
    0.25981791304038454,
    0.26112863394591185,
    0.25920947023608665,
    0.25488212953011197,
    0.2503126685818036,
    0.2489534300324079,
    0.24915511852449124,
    0.24653811739371703,
    0.23910377167903626,
    0.23511056212691572,
    0.23658227893683287,
    0.23506187516692523,
    0.23541133538693995,
    0.232218887824733,
    0.23217159596917866,
    0.22955416995394337,
    0.22714472803715113,
    0.22735173476708903,
    0.22420075797551386,
    0.2268670547652889,
    0.22333192771619503,
    0.22200667274159355,
    0.2197152669835198,
    0.22211096482770937,
    0.21992286690720567,
    0.2225897166508812,
    0.30345645056920006,
    0.3180094027707169,
    0.3058228214850297,
    0.3068317089666117,
    0.2943044468626246,
    0.2900549604280575,
    0.2815151474363095,
    0.28067546686879147,
    0.2778729545372026,
    0.27266307806109524,
    0.2678317196063093,
    0.2634710958814836,
    0.266572817757323,
    0.26379717980419193,
    0.260967738792166,
    0.2602852294976647,
    0.25931575176146654,
    0.26065158991663306,
    0.2591161780931928,
    0.25549258560210736,
    0.2528350159928605,
    0.2541586516408233,
    0.2543447613044902,
    0.2510240502856873,
    0.25635279835881414,
    0.24982586758093792,
    0.24560108478810336,
    0.24459385979282963
  ],
  "val_loss": [
    0.9151219067474207,
    0.8493839887281259,
    0.7526683894296488,
    0.6450247019529343,
    0.6013531498610973,
    0.560730783889691,
    0.6220850187043349,
    0.5506607176115116,
    0.49080976471304893,
    0.5210428883632024,
    0.4725660700351,
    0.4503679256886244,
    0.48641136785348255,
    0.4696356722464164,
    0.5080827238659064,
    0.4362089466303587,
    0.42670198281606037,
    0.4300406277179718,
    0.43335316702723503,
    0.43791670973102254,
    0.44238951119283837,
    0.4436015821993351,
    0.4035395837078492,
    0.43367481355865795,
    0.4053483996540308,
    0.4508753853539626,
    0.45631369451681775,
    0.3986957762390375,
    0.45671712296704453,
    0.4412419740110636,
    0.43907005339860916,
    0.4332308272520701,
    0.4280862671633561,
    0.416873961687088,
    0.41828720768292743,
    0.43385870071748894,
    0.4373381088177363,
    0.4325999841094017,
    0.43378413158158463,
    0.42858710264166194,
    0.42676509606341523,
    0.4313439466059208,
    0.4320843654374282,
    0.4306498169898987,
    0.4307125707467397,
    0.4327243361622095,
    0.43025744892656803,
    0.4316602237522602,
    0.43174403347074986,
    0.4317531877507766,
    0.5376106469581524,
    0.4755735757450263,
    0.47123809220890206,
    0.4899532577643792,
    0.444639236976703,
    0.4556781277060509,
    0.4770808592438698,
    0.4656279956301053,
    0.42091398872435093,
    0.4467037742336591,
    0.4458559223761161,
    0.44389199775954086,
    0.48344627022743225,
    0.43030561568836373,
    0.4403082275142272,
    0.4351315026481946,
    0.43671354341010254,
    0.4730423502624035,
    0.4083188722531001,
    0.44903252894679707,
    0.44773518045743305,
    0.43713817931711674,
    0.4045698220531146,
    0.4463427880158027,
    0.47385227618118125,
    0.4194659851491451,
    0.46866272451976937,
    0.40980344948669273
  ],
  "train_l_data": [
    1.0048864336164147,
    0.8251023769110173,
    0.7400347074946841,
    0.6436308619675336,
    0.5659439072415635,
    0.5154320053957604,
    0.45987151885354843,
    0.4135467589975477,
    0.40402149362070067,
    0.3703751919774322,
    0.3530484807115417,
    0.35541850959395505,
    0.3296472197985864,
    0.3144791996156847,
    0.31307327022423614,
    0.30150823040051505,
    0.2949330507366507,
    0.2899934746123649,
    0.28006065395232793,
    0.2860072816948633,
    0.28074390494877155,
    0.27081116980260556,
    0.2600141654277707,
    0.2707744307211927,
    0.2598179041802346,
    0.261128625488496,
    0.25920946036910153,
    0.25488211993161625,
    0.2503126600572655,
    0.24895341962844403,
    0.24915510993283074,
    0.24653810678838609,
    0.23910376201341818,
    0.23511055172295184,
    0.23658226759315612,
    0.2350618650650119,
    0.23541132562063835,
    0.232218878561849,
    0.23217158593438766,
    0.22955416022120295,
    0.22714471783455428,
    0.22735172476585921,
    0.22420074824277345,
    0.2268670434887345,
    0.2233319183861887,
    0.22200666253899667,
    0.21971525610969947,
    0.22211095368539965,
    0.21992285623475238,
    0.22258970570993852,
    0.3034564435884759,
    0.3180093973338067,
    0.30582281450430554,
    0.3068317017845205,
    0.2943044404188792,
    0.29005495371582274,
    0.2815151391802607,
    0.2806754601565567,
    0.27787294634827625,
    0.27266306953655706,
    0.26783171088040414,
    0.26347108722270074,
    0.266572808494439,
    0.26379717013857384,
    0.2609677289923032,
    0.2602852205032701,
    0.25931574263282725,
    0.260651581794829,
    0.2591161693001653,
    0.2554925780844044,
    0.252835007199833,
    0.2541586420423276,
    0.25434475251146266,
    0.25102404135841505,
    0.2563527882233396,
    0.24982585751258576,
    0.2456010745855065,
    0.24459384979159982
  ],
  "train_l_physics": [
    1.1020017778062029e-10,
    1.104342177952159e-10,
    1.1049843466402541e-10,
    1.101342997656152e-10,
    1.101012472821923e-10,
    1.1040119759952904e-10,
    1.1017759068076215e-10,
    1.1012130759321223e-10,
    1.1038668302755229e-10,
    1.1029253767787801e-10,
    1.101966769211081e-10,
    1.1027491973248716e-10,
    1.100889744417907e-10,
    1.1009636336359744e-10,
    1.104040913683372e-10,
    1.1016129803285066e-10,
    1.1012856939573289e-10,
    1.1032690814481103e-10,
    1.1013634892725638e-10,
    1.1045710686198397e-10,
    1.1068113477157064e-10,
    1.1025458746058501e-10,
    1.1014644704954468e-10,
    1.1022073994245336e-10,
    1.1023030030046412e-10,
    1.1010511218358422e-10,
    1.1005423077488825e-10,
    1.1044690131186527e-10,
    1.1010268613373272e-10,
    1.1041770876008595e-10,
    1.1030510054529104e-10,
    1.1010207129147154e-10,
    1.1011452413678302e-10,
    1.1005307276101327e-10,
    1.1056335576805361e-10,
    1.1029212425107772e-10,
    1.1007697206196995e-10,
    1.1006666392874407e-10,
    1.1010819370885941e-10,
    1.1018104696882071e-10,
    1.1014551876931923e-10,
    1.1058211856842606e-10,
    1.1000712618739043e-10,
    1.1005779589730977e-10,
    1.1007815654991311e-10,
    1.1003838074714152e-10,
    1.1017967425556634e-10,
    1.1040416272642181e-10,
    1.1019152479238444e-10,
    1.1044772007008964e-10,
    1.100952249474093e-10,
    1.10138029358576e-10,
    1.1023676334877888e-10,
    1.1003048781783838e-10,
    1.1017451993890316e-10,
    1.10662614738716e-10,
    1.1031518297692738e-10,
    1.1017574706041068e-10,
    1.0999346588077082e-10,
    1.1024433755780661e-10,
    1.1018572106401569e-10,
    1.1017426376244174e-10,
    1.1033022653016732e-10,
    1.1015297170398504e-10,
    1.1015826059455678e-10,
    1.1003009467636304e-10,
    1.1008349087148616e-10,
    1.1012322166521623e-10,
    1.1011955377214987e-10,
    1.1010048187843592e-10,
    1.1005361261946151e-10,
    1.1046352858949808e-10,
    1.1018614683704613e-10,
    1.1021271661195489e-10,
    1.1049441916988201e-10,
    1.1014042971576629e-10,
    1.1013118451481513e-10,
    1.1026882325781073e-10
  ],